Submission ID,RMSE_Chatgpt_score,Pearson_Correlation
./en/501626282-graded-SoftwareLanguages_q1_.answer1,1.7159383568311668,0.49320183037662324
./en/501626282-graded-SoftwareLanguages_q1_.answer2,1.834021909257456,0.09910706740359695
./en/506208253-graded-mdsd_q2_.answer2,1.1726039399558574,0.7258583814244267
./en/506208253-graded-mdsd_q2_.answer1,1.0954451150103321,0.6594028270623757
./en/509951385-graded-swt_q3_.answer2,0.5345224838248488,0.7134772412317412
./en/509951385-graded-swt_q3_.answer1,1.224744871391589,-0.3059689874425115
./en/512035696-graded-fm_q4_.answer1,1.270977818604485,-0.19111238271141706
./en/512035696-graded-fm_q4_.answer2,1.2392393980641052,-0.44459061923690013
